<annotation>
	<folder>Images</folder>
	<filename>3603.jpg</filename>
	<path>C:\Users\mxx\Desktop\Blueberry Datasets\Images\blueberry (697).JPG</path>
	<source>
		<database>Unknown</database>
	</source>
	<size>
		<width>6000</width>
		<height>4000</height>
		<depth>3</depth>
	</size>
	<segmented>0</segmented>
	<object>
		<name>blueberry</name>
		<pose>Unspecified</pose>
		<truncated>0</truncated>
		<difficult>0</difficult>
		<bndbox>
			<xmin>4127</xmin>
			<ymin>632</ymin>
			<xmax>4488</xmax>
			<ymax>972</ymax>
		</bndbox>
	</object>
	<object>
		<name>blueberry</name>
		<pose>Unspecified</pose>
		<truncated>0</truncated>
		<difficult>0</difficult>
		<bndbox>
			<xmin>4765</xmin>
			<ymin>1231</ymin>
			<xmax>5081</xmax>
			<ymax>1550</ymax>
		</bndbox>
	</object>
	<object>
		<name>blueberry</name>
		<pose>Unspecified</pose>
		<truncated>0</truncated>
		<difficult>0</difficult>
		<bndbox>
			<xmin>4800</xmin>
			<ymin>1471</ymin>
			<xmax>5139</xmax>
			<ymax>1787</ymax>
		</bndbox>
	</object>
	<object>
		<name>blueberry</name>
		<pose>Unspecified</pose>
		<truncated>0</truncated>
		<difficult>0</difficult>
		<bndbox>
			<xmin>5057</xmin>
			<ymin>1433</ymin>
			<xmax>5312</xmax>
			<ymax>1655</ymax>
		</bndbox>
	</object>
	<object>
		<name>blueberry</name>
		<pose>Unspecified</pose>
		<truncated>0</truncated>
		<difficult>0</difficult>
		<bndbox>
			<xmin>5161</xmin>
			<ymin>1657</ymin>
			<xmax>5388</xmax>
			<ymax>1870</ymax>
		</bndbox>
	</object>
	<object>
		<name>blueberry</name>
		<pose>Unspecified</pose>
		<truncated>1</truncated>
		<difficult>0</difficult>
		<bndbox>
			<xmin>3594</xmin>
			<ymin>1</ymin>
			<xmax>3952</xmax>
			<ymax>2</ymax>
		</bndbox>
	</object>
	<object>
		<name>blueberry</name>
		<pose>Unspecified</pose>
		<truncated>0</truncated>
		<difficult>0</difficult>
		<bndbox>
			<xmin>4166</xmin>
			<ymin>1</ymin>
			<xmax>4475</xmax>
			<ymax>2</ymax>
		</bndbox>
	</object>
	<object>
		<name>blueberry</name>
		<pose>Unspecified</pose>
		<truncated>0</truncated>
		<difficult>0</difficult>
		<bndbox>
			<xmin>3665</xmin>
			<ymin>810</ymin>
			<xmax>4024</xmax>
			<ymax>1171</ymax>
		</bndbox>
	</object>
	<object>
		<name>blueberry</name>
		<pose>Unspecified</pose>
		<truncated>0</truncated>
		<difficult>0</difficult>
		<bndbox>
			<xmin>3568</xmin>
			<ymin>964</ymin>
			<xmax>3888</xmax>
			<ymax>1283</ymax>
		</bndbox>
	</object>
	<object>
		<name>blueberry</name>
		<pose>Unspecified</pose>
		<truncated>0</truncated>
		<difficult>0</difficult>
		<bndbox>
			<xmin>3293</xmin>
			<ymin>1006</ymin>
			<xmax>3673</xmax>
			<ymax>1384</ymax>
		</bndbox>
	</object>
	<object>
		<name>blueberry</name>
		<pose>Unspecified</pose>
		<truncated>0</truncated>
		<difficult>0</difficult>
		<bndbox>
			<xmin>2963</xmin>
			<ymin>1340</ymin>
			<xmax>3298</xmax>
			<ymax>1656</ymax>
		</bndbox>
	</object>
	<object>
		<name>blueberry</name>
		<pose>Unspecified</pose>
		<truncated>0</truncated>
		<difficult>0</difficult>
		<bndbox>
			<xmin>3233</xmin>
			<ymin>1675</ymin>
			<xmax>3566</xmax>
			<ymax>2008</ymax>
		</bndbox>
	</object>
	<object>
		<name>blueberry</name>
		<pose>Unspecified</pose>
		<truncated>0</truncated>
		<difficult>0</difficult>
		<bndbox>
			<xmin>2431</xmin>
			<ymin>635</ymin>
			<xmax>2755</xmax>
			<ymax>949</ymax>
		</bndbox>
	</object>
	<object>
		<name>blueberry</name>
		<pose>Unspecified</pose>
		<truncated>0</truncated>
		<difficult>0</difficult>
		<bndbox>
			<xmin>2496</xmin>
			<ymin>885</ymin>
			<xmax>2786</xmax>
			<ymax>1136</ymax>
		</bndbox>
	</object>
	<object>
		<name>blueberry</name>
		<pose>Unspecified</pose>
		<truncated>0</truncated>
		<difficult>0</difficult>
		<bndbox>
			<xmin>2809</xmin>
			<ymin>2083</ymin>
			<xmax>3050</xmax>
			<ymax>2329</ymax>
		</bndbox>
	</object>
	<object>
		<name>blueberry</name>
		<pose>Unspecified</pose>
		<truncated>0</truncated>
		<difficult>0</difficult>
		<bndbox>
			<xmin>2760</xmin>
			<ymin>2248</ymin>
			<xmax>3061</xmax>
			<ymax>2551</ymax>
		</bndbox>
	</object>
	<object>
		<name>blueberry</name>
		<pose>Unspecified</pose>
		<truncated>0</truncated>
		<difficult>0</difficult>
		<bndbox>
			<xmin>2364</xmin>
			<ymin>2277</ymin>
			<xmax>2737</xmax>
			<ymax>2639</ymax>
		</bndbox>
	</object>
	<object>
		<name>blueberry</name>
		<pose>Unspecified</pose>
		<truncated>0</truncated>
		<difficult>0</difficult>
		<bndbox>
			<xmin>2455</xmin>
			<ymin>1996</ymin>
			<xmax>2753</xmax>
			<ymax>2297</ymax>
		</bndbox>
	</object>
	<object>
		<name>blueberry</name>
		<pose>Unspecified</pose>
		<truncated>0</truncated>
		<difficult>0</difficult>
		<bndbox>
			<xmin>2465</xmin>
			<ymin>2621</ymin>
			<xmax>2778</xmax>
			<ymax>2933</ymax>
		</bndbox>
	</object>
	<object>
		<name>blueberry</name>
		<pose>Unspecified</pose>
		<truncated>0</truncated>
		<difficult>0</difficult>
		<bndbox>
			<xmin>1663</xmin>
			<ymin>2584</ymin>
			<xmax>2048</xmax>
			<ymax>2956</ymax>
		</bndbox>
	</object>
	<object>
		<name>blueberry</name>
		<pose>Unspecified</pose>
		<truncated>0</truncated>
		<difficult>0</difficult>
		<bndbox>
			<xmin>1327</xmin>
			<ymin>2474</ymin>
			<xmax>1726</xmax>
			<ymax>2861</ymax>
		</bndbox>
	</object>
	<object>
		<name>blueberry</name>
		<pose>Unspecified</pose>
		<truncated>0</truncated>
		<difficult>0</difficult>
		<bndbox>
			<xmin>2601</xmin>
			<ymin>3225</ymin>
			<xmax>2857</xmax>
			<ymax>3482</ymax>
		</bndbox>
	</object>
	<object>
		<name>blueberry</name>
		<pose>Unspecified</pose>
		<truncated>0</truncated>
		<difficult>0</difficult>
		<bndbox>
			<xmin>344</xmin>
			<ymin>1368</ymin>
			<xmax>724</xmax>
			<ymax>1735</ymax>
		</bndbox>
	</object>
	<object>
		<name>blueberry-unripe</name>
		<pose>Unspecified</pose>
		<truncated>0</truncated>
		<difficult>0</difficult>
		<bndbox>
			<xmin>5323</xmin>
			<ymin>942</ymin>
			<xmax>5594</xmax>
			<ymax>1214</ymax>
		</bndbox>
	</object>
	<object>
		<name>blueberry-unripe</name>
		<pose>Unspecified</pose>
		<truncated>0</truncated>
		<difficult>0</difficult>
		<bndbox>
			<xmin>5008</xmin>
			<ymin>863</ymin>
			<xmax>5240</xmax>
			<ymax>1089</ymax>
		</bndbox>
	</object>
	<object>
		<name>blueberry-unripe</name>
		<pose>Unspecified</pose>
		<truncated>0</truncated>
		<difficult>0</difficult>
		<bndbox>
			<xmin>5446</xmin>
			<ymin>1274</ymin>
			<xmax>5676</xmax>
			<ymax>1504</ymax>
		</bndbox>
	</object>
	<object>
		<name>blueberry-unripe</name>
		<pose>Unspecified</pose>
		<truncated>0</truncated>
		<difficult>0</difficult>
		<bndbox>
			<xmin>5485</xmin>
			<ymin>1376</ymin>
			<xmax>5790</xmax>
			<ymax>1669</ymax>
		</bndbox>
	</object>
	<object>
		<name>blueberry-unripe</name>
		<pose>Unspecified</pose>
		<truncated>0</truncated>
		<difficult>0</difficult>
		<bndbox>
			<xmin>5558</xmin>
			<ymin>1642</ymin>
			<xmax>5823</xmax>
			<ymax>1881</ymax>
		</bndbox>
	</object>
	<object>
		<name>blueberry-unripe</name>
		<pose>Unspecified</pose>
		<truncated>0</truncated>
		<difficult>0</difficult>
		<bndbox>
			<xmin>5348</xmin>
			<ymin>1605</ymin>
			<xmax>5638</xmax>
			<ymax>1900</ymax>
		</bndbox>
	</object>
	<object>
		<name>blueberry-unripe</name>
		<pose>Unspecified</pose>
		<truncated>0</truncated>
		<difficult>0</difficult>
		<bndbox>
			<xmin>5133</xmin>
			<ymin>1511</ymin>
			<xmax>5459</xmax>
			<ymax>1840</ymax>
		</bndbox>
	</object>
	<object>
		<name>blueberry-unripe</name>
		<pose>Unspecified</pose>
		<truncated>0</truncated>
		<difficult>0</difficult>
		<bndbox>
			<xmin>5153</xmin>
			<ymin>1338</ymin>
			<xmax>5387</xmax>
			<ymax>1563</ymax>
		</bndbox>
	</object>
	<object>
		<name>blueberry-unripe</name>
		<pose>Unspecified</pose>
		<truncated>0</truncated>
		<difficult>0</difficult>
		<bndbox>
			<xmin>4681</xmin>
			<ymin>1353</ymin>
			<xmax>4905</xmax>
			<ymax>1576</ymax>
		</bndbox>
	</object>
	<object>
		<name>blueberry-unripe</name>
		<pose>Unspecified</pose>
		<truncated>0</truncated>
		<difficult>0</difficult>
		<bndbox>
			<xmin>4528</xmin>
			<ymin>1149</ymin>
			<xmax>4764</xmax>
			<ymax>1383</ymax>
		</bndbox>
	</object>
	<object>
		<name>blueberry-unripe</name>
		<pose>Unspecified</pose>
		<truncated>0</truncated>
		<difficult>0</difficult>
		<bndbox>
			<xmin>4711</xmin>
			<ymin>649</ymin>
			<xmax>4946</xmax>
			<ymax>889</ymax>
		</bndbox>
	</object>
	<object>
		<name>blueberry-unripe</name>
		<pose>Unspecified</pose>
		<truncated>0</truncated>
		<difficult>0</difficult>
		<bndbox>
			<xmin>3874</xmin>
			<ymin>1010</ymin>
			<xmax>4107</xmax>
			<ymax>1246</ymax>
		</bndbox>
	</object>
	<object>
		<name>blueberry-unripe</name>
		<pose>Unspecified</pose>
		<truncated>0</truncated>
		<difficult>0</difficult>
		<bndbox>
			<xmin>3976</xmin>
			<ymin>517</ymin>
			<xmax>4242</xmax>
			<ymax>783</ymax>
		</bndbox>
	</object>
	<object>
		<name>blueberry-unripe</name>
		<pose>Unspecified</pose>
		<truncated>0</truncated>
		<difficult>0</difficult>
		<bndbox>
			<xmin>3573</xmin>
			<ymin>718</ymin>
			<xmax>3831</xmax>
			<ymax>977</ymax>
		</bndbox>
	</object>
	<object>
		<name>blueberry-unripe</name>
		<pose>Unspecified</pose>
		<truncated>0</truncated>
		<difficult>0</difficult>
		<bndbox>
			<xmin>3422</xmin>
			<ymin>1043</ymin>
			<xmax>3611</xmax>
			<ymax>1241</ymax>
		</bndbox>
	</object>
	<object>
		<name>blueberry-unripe</name>
		<pose>Unspecified</pose>
		<truncated>0</truncated>
		<difficult>0</difficult>
		<bndbox>
			<xmin>4432</xmin>
			<ymin>1</ymin>
			<xmax>4615</xmax>
			<ymax>114</ymax>
		</bndbox>
	</object>
	<object>
		<name>blueberry-unripe</name>
		<pose>Unspecified</pose>
		<truncated>0</truncated>
		<difficult>0</difficult>
		<bndbox>
			<xmin>3974</xmin>
			<ymin>1</ymin>
			<xmax>4261</xmax>
			<ymax>2</ymax>
		</bndbox>
	</object>
	<object>
		<name>&#12289;</name>
		<pose>Unspecified</pose>
		<truncated>0</truncated>
		<difficult>0</difficult>
		<bndbox>
			<xmin>4519</xmin>
			<ymin>1</ymin>
			<xmax>4706</xmax>
			<ymax>74</ymax>
		</bndbox>
	</object>
	<object>
		<name>blueberry-unripe</name>
		<pose>Unspecified</pose>
		<truncated>0</truncated>
		<difficult>0</difficult>
		<bndbox>
			<xmin>2479</xmin>
			<ymin>506</ymin>
			<xmax>2713</xmax>
			<ymax>736</ymax>
		</bndbox>
	</object>
	<object>
		<name>blueberry-unripe</name>
		<pose>Unspecified</pose>
		<truncated>0</truncated>
		<difficult>0</difficult>
		<bndbox>
			<xmin>2224</xmin>
			<ymin>563</ymin>
			<xmax>2471</xmax>
			<ymax>808</ymax>
		</bndbox>
	</object>
	<object>
		<name>blueberry-unripe</name>
		<pose>Unspecified</pose>
		<truncated>0</truncated>
		<difficult>0</difficult>
		<bndbox>
			<xmin>1580</xmin>
			<ymin>930</ymin>
			<xmax>1816</xmax>
			<ymax>1158</ymax>
		</bndbox>
	</object>
	<object>
		<name>blueberry-unripe</name>
		<pose>Unspecified</pose>
		<truncated>0</truncated>
		<difficult>0</difficult>
		<bndbox>
			<xmin>1489</xmin>
			<ymin>1288</ymin>
			<xmax>1661</xmax>
			<ymax>1463</ymax>
		</bndbox>
	</object>
	<object>
		<name>blueberry-unripe</name>
		<pose>Unspecified</pose>
		<truncated>0</truncated>
		<difficult>0</difficult>
		<bndbox>
			<xmin>1237</xmin>
			<ymin>1209</ymin>
			<xmax>1500</xmax>
			<ymax>1471</ymax>
		</bndbox>
	</object>
	<object>
		<name>blueberry-unripe</name>
		<pose>Unspecified</pose>
		<truncated>0</truncated>
		<difficult>0</difficult>
		<bndbox>
			<xmin>1355</xmin>
			<ymin>1153</ymin>
			<xmax>1535</xmax>
			<ymax>1335</ymax>
		</bndbox>
	</object>
	<object>
		<name>blueberry-halfripe</name>
		<pose>Unspecified</pose>
		<truncated>0</truncated>
		<difficult>0</difficult>
		<bndbox>
			<xmin>1090</xmin>
			<ymin>1369</ymin>
			<xmax>1415</xmax>
			<ymax>1689</ymax>
		</bndbox>
	</object>
	<object>
		<name>blueberry-unripe</name>
		<pose>Unspecified</pose>
		<truncated>0</truncated>
		<difficult>0</difficult>
		<bndbox>
			<xmin>1630</xmin>
			<ymin>1432</ymin>
			<xmax>1902</xmax>
			<ymax>1705</ymax>
		</bndbox>
	</object>
	<object>
		<name>blueberry-unripe</name>
		<pose>Unspecified</pose>
		<truncated>0</truncated>
		<difficult>0</difficult>
		<bndbox>
			<xmin>1394</xmin>
			<ymin>1634</ymin>
			<xmax>1670</xmax>
			<ymax>1912</ymax>
		</bndbox>
	</object>
	<object>
		<name>blueberry-unripe</name>
		<pose>Unspecified</pose>
		<truncated>0</truncated>
		<difficult>0</difficult>
		<bndbox>
			<xmin>1075</xmin>
			<ymin>1587</ymin>
			<xmax>1346</xmax>
			<ymax>1847</ymax>
		</bndbox>
	</object>
	<object>
		<name>blueberry-unripe</name>
		<pose>Unspecified</pose>
		<truncated>0</truncated>
		<difficult>0</difficult>
		<bndbox>
			<xmin>2115</xmin>
			<ymin>1661</ymin>
			<xmax>2342</xmax>
			<ymax>1891</ymax>
		</bndbox>
	</object>
	<object>
		<name>blueberry-unripe</name>
		<pose>Unspecified</pose>
		<truncated>0</truncated>
		<difficult>0</difficult>
		<bndbox>
			<xmin>2365</xmin>
			<ymin>1994</ymin>
			<xmax>2580</xmax>
			<ymax>2207</ymax>
		</bndbox>
	</object>
	<object>
		<name>blueberry-unripe</name>
		<pose>Unspecified</pose>
		<truncated>0</truncated>
		<difficult>0</difficult>
		<bndbox>
			<xmin>2259</xmin>
			<ymin>2176</ymin>
			<xmax>2497</xmax>
			<ymax>2412</ymax>
		</bndbox>
	</object>
	<object>
		<name>blueberry-unripe</name>
		<pose>Unspecified</pose>
		<truncated>0</truncated>
		<difficult>0</difficult>
		<bndbox>
			<xmin>1921</xmin>
			<ymin>2560</ymin>
			<xmax>2153</xmax>
			<ymax>2817</ymax>
		</bndbox>
	</object>
	<object>
		<name>blueberry-unripe</name>
		<pose>Unspecified</pose>
		<truncated>0</truncated>
		<difficult>0</difficult>
		<bndbox>
			<xmin>2301</xmin>
			<ymin>2607</ymin>
			<xmax>2560</xmax>
			<ymax>2861</ymax>
		</bndbox>
	</object>
	<object>
		<name>blueberry-unripe</name>
		<pose>Unspecified</pose>
		<truncated>0</truncated>
		<difficult>0</difficult>
		<bndbox>
			<xmin>2475</xmin>
			<ymin>2817</ymin>
			<xmax>2730</xmax>
			<ymax>3065</ymax>
		</bndbox>
	</object>
	<object>
		<name>blueberry-unripe</name>
		<pose>Unspecified</pose>
		<truncated>0</truncated>
		<difficult>0</difficult>
		<bndbox>
			<xmin>2670</xmin>
			<ymin>2812</ymin>
			<xmax>2918</xmax>
			<ymax>3058</ymax>
		</bndbox>
	</object>
	<object>
		<name>blueberry-unripe</name>
		<pose>Unspecified</pose>
		<truncated>0</truncated>
		<difficult>0</difficult>
		<bndbox>
			<xmin>2578</xmin>
			<ymin>2958</ymin>
			<xmax>2798</xmax>
			<ymax>3171</ymax>
		</bndbox>
	</object>
	<object>
		<name>blueberry-unripe</name>
		<pose>Unspecified</pose>
		<truncated>0</truncated>
		<difficult>0</difficult>
		<bndbox>
			<xmin>2839</xmin>
			<ymin>3238</ymin>
			<xmax>3121</xmax>
			<ymax>3531</ymax>
		</bndbox>
	</object>
</annotation>