<annotation>
	<folder>Images</folder>
	<filename>3604.jpg</filename>
	<path>C:\Users\mxx\Desktop\Blueberry Datasets\Images\blueberry (697).JPG</path>
	<source>
		<database>Unknown</database>
	</source>
	<size>
		<width>6000</width>
		<height>4000</height>
		<depth>3</depth>
	</size>
	<segmented>0</segmented>
	<object>
		<name>blueberry</name>
		<pose>Unspecified</pose>
		<truncated>0</truncated>
		<difficult>0</difficult>
		<bndbox>
			<xmin>4654</xmin>
			<ymin>1612</ymin>
			<xmax>4966</xmax>
			<ymax>1872</ymax>
		</bndbox>
	</object>
	<object>
		<name>blueberry</name>
		<pose>Unspecified</pose>
		<truncated>0</truncated>
		<difficult>0</difficult>
		<bndbox>
			<xmin>4860</xmin>
			<ymin>2465</ymin>
			<xmax>5115</xmax>
			<ymax>2728</ymax>
		</bndbox>
	</object>
	<object>
		<name>blueberry</name>
		<pose>Unspecified</pose>
		<truncated>0</truncated>
		<difficult>0</difficult>
		<bndbox>
			<xmin>4741</xmin>
			<ymin>2706</ymin>
			<xmax>5036</xmax>
			<ymax>2944</ymax>
		</bndbox>
	</object>
	<object>
		<name>blueberry</name>
		<pose>Unspecified</pose>
		<truncated>0</truncated>
		<difficult>0</difficult>
		<bndbox>
			<xmin>5002</xmin>
			<ymin>2801</ymin>
			<xmax>5237</xmax>
			<ymax>2955</ymax>
		</bndbox>
	</object>
	<object>
		<name>blueberry</name>
		<pose>Unspecified</pose>
		<truncated>0</truncated>
		<difficult>0</difficult>
		<bndbox>
			<xmin>4969</xmin>
			<ymin>3034</ymin>
			<xmax>5166</xmax>
			<ymax>3197</ymax>
		</bndbox>
	</object>
	<object>
		<name>blueberry</name>
		<pose>Unspecified</pose>
		<truncated>1</truncated>
		<difficult>0</difficult>
		<bndbox>
			<xmin>4876</xmin>
			<ymin>327</ymin>
			<xmax>5183</xmax>
			<ymax>589</ymax>
		</bndbox>
	</object>
	<object>
		<name>blueberry</name>
		<pose>Unspecified</pose>
		<truncated>0</truncated>
		<difficult>0</difficult>
		<bndbox>
			<xmin>5546</xmin>
			<ymin>392</ymin>
			<xmax>5816</xmax>
			<ymax>607</ymax>
		</bndbox>
	</object>
	<object>
		<name>blueberry</name>
		<pose>Unspecified</pose>
		<truncated>0</truncated>
		<difficult>0</difficult>
		<bndbox>
			<xmin>4164</xmin>
			<ymin>1485</ymin>
			<xmax>4456</xmax>
			<ymax>1780</ymax>
		</bndbox>
	</object>
	<object>
		<name>blueberry</name>
		<pose>Unspecified</pose>
		<truncated>0</truncated>
		<difficult>0</difficult>
		<bndbox>
			<xmin>4003</xmin>
			<ymin>1547</ymin>
			<xmax>4265</xmax>
			<ymax>1806</ymax>
		</bndbox>
	</object>
	<object>
		<name>blueberry</name>
		<pose>Unspecified</pose>
		<truncated>0</truncated>
		<difficult>0</difficult>
		<bndbox>
			<xmin>3730</xmin>
			<ymin>1442</ymin>
			<xmax>4042</xmax>
			<ymax>1748</ymax>
		</bndbox>
	</object>
	<object>
		<name>blueberry</name>
		<pose>Unspecified</pose>
		<truncated>0</truncated>
		<difficult>0</difficult>
		<bndbox>
			<xmin>3268</xmin>
			<ymin>1525</ymin>
			<xmax>3556</xmax>
			<ymax>1767</ymax>
		</bndbox>
	</object>
	<object>
		<name>blueberry</name>
		<pose>Unspecified</pose>
		<truncated>0</truncated>
		<difficult>0</difficult>
		<bndbox>
			<xmin>3305</xmin>
			<ymin>1957</ymin>
			<xmax>3576</xmax>
			<ymax>2228</ymax>
		</bndbox>
	</object>
	<object>
		<name>blueberry</name>
		<pose>Unspecified</pose>
		<truncated>0</truncated>
		<difficult>0</difficult>
		<bndbox>
			<xmin>3232</xmin>
			<ymin>614</ymin>
			<xmax>3505</xmax>
			<ymax>862</ymax>
		</bndbox>
	</object>
	<object>
		<name>blueberry</name>
		<pose>Unspecified</pose>
		<truncated>0</truncated>
		<difficult>0</difficult>
		<bndbox>
			<xmin>3147</xmin>
			<ymin>865</ymin>
			<xmax>3417</xmax>
			<ymax>1036</ymax>
		</bndbox>
	</object>
	<object>
		<name>blueberry</name>
		<pose>Unspecified</pose>
		<truncated>0</truncated>
		<difficult>0</difficult>
		<bndbox>
			<xmin>2735</xmin>
			<ymin>2025</ymin>
			<xmax>2928</xmax>
			<ymax>2229</ymax>
		</bndbox>
	</object>
	<object>
		<name>blueberry</name>
		<pose>Unspecified</pose>
		<truncated>0</truncated>
		<difficult>0</difficult>
		<bndbox>
			<xmin>2581</xmin>
			<ymin>2155</ymin>
			<xmax>2825</xmax>
			<ymax>2403</ymax>
		</bndbox>
	</object>
	<object>
		<name>blueberry</name>
		<pose>Unspecified</pose>
		<truncated>0</truncated>
		<difficult>0</difficult>
		<bndbox>
			<xmin>2209</xmin>
			<ymin>1977</ymin>
			<xmax>2522</xmax>
			<ymax>2262</ymax>
		</bndbox>
	</object>
	<object>
		<name>blueberry</name>
		<pose>Unspecified</pose>
		<truncated>0</truncated>
		<difficult>0</difficult>
		<bndbox>
			<xmin>2470</xmin>
			<ymin>1764</ymin>
			<xmax>2712</xmax>
			<ymax>2011</ymax>
		</bndbox>
	</object>
	<object>
		<name>blueberry</name>
		<pose>Unspecified</pose>
		<truncated>0</truncated>
		<difficult>0</difficult>
		<bndbox>
			<xmin>2113</xmin>
			<ymin>2303</ymin>
			<xmax>2368</xmax>
			<ymax>2556</ymax>
		</bndbox>
	</object>
	<object>
		<name>blueberry</name>
		<pose>Unspecified</pose>
		<truncated>0</truncated>
		<difficult>0</difficult>
		<bndbox>
			<xmin>1435</xmin>
			<ymin>1833</ymin>
			<xmax>1760</xmax>
			<ymax>2125</ymax>
		</bndbox>
	</object>
	<object>
		<name>blueberry</name>
		<pose>Unspecified</pose>
		<truncated>0</truncated>
		<difficult>0</difficult>
		<bndbox>
			<xmin>1213</xmin>
			<ymin>1548</ymin>
			<xmax>1546</xmax>
			<ymax>1855</ymax>
		</bndbox>
	</object>
	<object>
		<name>blueberry</name>
		<pose>Unspecified</pose>
		<truncated>0</truncated>
		<difficult>0</difficult>
		<bndbox>
			<xmin>1891</xmin>
			<ymin>2874</ymin>
			<xmax>2101</xmax>
			<ymax>3083</ymax>
		</bndbox>
	</object>
	<object>
		<name>blueberry</name>
		<pose>Unspecified</pose>
		<truncated>0</truncated>
		<difficult>0</difficult>
		<bndbox>
			<xmin>1030</xmin>
			<ymin>39</ymin>
			<xmax>1350</xmax>
			<ymax>328</ymax>
		</bndbox>
	</object>
	<object>
		<name>blueberry-unripe</name>
		<pose>Unspecified</pose>
		<truncated>0</truncated>
		<difficult>0</difficult>
		<bndbox>
			<xmin>5511</xmin>
			<ymin>2532</ymin>
			<xmax>5732</xmax>
			<ymax>2755</ymax>
		</bndbox>
	</object>
	<object>
		<name>blueberry-unripe</name>
		<pose>Unspecified</pose>
		<truncated>0</truncated>
		<difficult>0</difficult>
		<bndbox>
			<xmin>5302</xmin>
			<ymin>2273</ymin>
			<xmax>5494</xmax>
			<ymax>2454</ymax>
		</bndbox>
	</object>
	<object>
		<name>blueberry-unripe</name>
		<pose>Unspecified</pose>
		<truncated>0</truncated>
		<difficult>0</difficult>
		<bndbox>
			<xmin>5433</xmin>
			<ymin>2872</ymin>
			<xmax>5621</xmax>
			<ymax>3059</ymax>
		</bndbox>
	</object>
	<object>
		<name>blueberry-unripe</name>
		<pose>Unspecified</pose>
		<truncated>0</truncated>
		<difficult>0</difficult>
		<bndbox>
			<xmin>5384</xmin>
			<ymin>3008</ymin>
			<xmax>5643</xmax>
			<ymax>3237</ymax>
		</bndbox>
	</object>
	<object>
		<name>blueberry-unripe</name>
		<pose>Unspecified</pose>
		<truncated>0</truncated>
		<difficult>0</difficult>
		<bndbox>
			<xmin>5301</xmin>
			<ymin>3268</ymin>
			<xmax>5539</xmax>
			<ymax>3442</ymax>
		</bndbox>
	</object>
	<object>
		<name>blueberry-unripe</name>
		<pose>Unspecified</pose>
		<truncated>0</truncated>
		<difficult>0</difficult>
		<bndbox>
			<xmin>5142</xmin>
			<ymin>3111</ymin>
			<xmax>5375</xmax>
			<ymax>3354</ymax>
		</bndbox>
	</object>
	<object>
		<name>blueberry-unripe</name>
		<pose>Unspecified</pose>
		<truncated>0</truncated>
		<difficult>0</difficult>
		<bndbox>
			<xmin>5006</xmin>
			<ymin>2918</ymin>
			<xmax>5269</xmax>
			<ymax>3189</ymax>
		</bndbox>
	</object>
	<object>
		<name>blueberry-unripe</name>
		<pose>Unspecified</pose>
		<truncated>0</truncated>
		<difficult>0</difficult>
		<bndbox>
			<xmin>5146</xmin>
			<ymin>2760</ymin>
			<xmax>5344</xmax>
			<ymax>2937</ymax>
		</bndbox>
	</object>
	<object>
		<name>blueberry-unripe</name>
		<pose>Unspecified</pose>
		<truncated>0</truncated>
		<difficult>0</difficult>
		<bndbox>
			<xmin>4744</xmin>
			<ymin>2493</ymin>
			<xmax>4927</xmax>
			<ymax>2675</ymax>
		</bndbox>
	</object>
	<object>
		<name>blueberry-unripe</name>
		<pose>Unspecified</pose>
		<truncated>0</truncated>
		<difficult>0</difficult>
		<bndbox>
			<xmin>4729</xmin>
			<ymin>2236</ymin>
			<xmax>4922</xmax>
			<ymax>2426</ymax>
		</bndbox>
	</object>
	<object>
		<name>blueberry-unripe</name>
		<pose>Unspecified</pose>
		<truncated>0</truncated>
		<difficult>0</difficult>
		<bndbox>
			<xmin>5176</xmin>
			<ymin>1917</ymin>
			<xmax>5362</xmax>
			<ymax>2118</ymax>
		</bndbox>
	</object>
	<object>
		<name>blueberry-unripe</name>
		<pose>Unspecified</pose>
		<truncated>0</truncated>
		<difficult>0</difficult>
		<bndbox>
			<xmin>4259</xmin>
			<ymin>1736</ymin>
			<xmax>4447</xmax>
			<ymax>1930</ymax>
		</bndbox>
	</object>
	<object>
		<name>blueberry-unripe</name>
		<pose>Unspecified</pose>
		<truncated>0</truncated>
		<difficult>0</difficult>
		<bndbox>
			<xmin>4623</xmin>
			<ymin>1390</ymin>
			<xmax>4838</xmax>
			<ymax>1607</ymax>
		</bndbox>
	</object>
	<object>
		<name>blueberry-unripe</name>
		<pose>Unspecified</pose>
		<truncated>0</truncated>
		<difficult>0</difficult>
		<bndbox>
			<xmin>4168</xmin>
			<ymin>1323</ymin>
			<xmax>4378</xmax>
			<ymax>1534</ymax>
		</bndbox>
	</object>
	<object>
		<name>blueberry-unripe</name>
		<pose>Unspecified</pose>
		<truncated>0</truncated>
		<difficult>0</difficult>
		<bndbox>
			<xmin>3872</xmin>
			<ymin>1485</ymin>
			<xmax>4018</xmax>
			<ymax>1654</ymax>
		</bndbox>
	</object>
	<object>
		<name>blueberry-unripe</name>
		<pose>Unspecified</pose>
		<truncated>0</truncated>
		<difficult>0</difficult>
		<bndbox>
			<xmin>5368</xmin>
			<ymin>1139</ymin>
			<xmax>5520</xmax>
			<ymax>1283</ymax>
		</bndbox>
	</object>
	<object>
		<name>blueberry-unripe</name>
		<pose>Unspecified</pose>
		<truncated>0</truncated>
		<difficult>0</difficult>
		<bndbox>
			<xmin>5287</xmin>
			<ymin>417</ymin>
			<xmax>5513</xmax>
			<ymax>665</ymax>
		</bndbox>
	</object>
	<object>
		<name>&#12289;</name>
		<pose>Unspecified</pose>
		<truncated>0</truncated>
		<difficult>0</difficult>
		<bndbox>
			<xmin>5479</xmin>
			<ymin>1131</ymin>
			<xmax>5619</xmax>
			<ymax>1308</ymax>
		</bndbox>
	</object>
	<object>
		<name>blueberry-unripe</name>
		<pose>Unspecified</pose>
		<truncated>0</truncated>
		<difficult>0</difficult>
		<bndbox>
			<xmin>3373</xmin>
			<ymin>504</ymin>
			<xmax>3568</xmax>
			<ymax>687</ymax>
		</bndbox>
	</object>
	<object>
		<name>blueberry-unripe</name>
		<pose>Unspecified</pose>
		<truncated>0</truncated>
		<difficult>0</difficult>
		<bndbox>
			<xmin>3122</xmin>
			<ymin>406</ymin>
			<xmax>3325</xmax>
			<ymax>605</ymax>
		</bndbox>
	</object>
	<object>
		<name>blueberry-unripe</name>
		<pose>Unspecified</pose>
		<truncated>0</truncated>
		<difficult>0</difficult>
		<bndbox>
			<xmin>2368</xmin>
			<ymin>341</ymin>
			<xmax>2566</xmax>
			<ymax>521</ymax>
		</bndbox>
	</object>
	<object>
		<name>blueberry-unripe</name>
		<pose>Unspecified</pose>
		<truncated>0</truncated>
		<difficult>0</difficult>
		<bndbox>
			<xmin>2102</xmin>
			<ymin>566</ymin>
			<xmax>2240</xmax>
			<ymax>712</ymax>
		</bndbox>
	</object>
	<object>
		<name>blueberry-unripe</name>
		<pose>Unspecified</pose>
		<truncated>0</truncated>
		<difficult>0</difficult>
		<bndbox>
			<xmin>1910</xmin>
			<ymin>383</ymin>
			<xmax>2125</xmax>
			<ymax>595</ymax>
		</bndbox>
	</object>
	<object>
		<name>blueberry-unripe</name>
		<pose>Unspecified</pose>
		<truncated>0</truncated>
		<difficult>0</difficult>
		<bndbox>
			<xmin>2065</xmin>
			<ymin>377</ymin>
			<xmax>2210</xmax>
			<ymax>527</ymax>
		</bndbox>
	</object>
	<object>
		<name>blueberry-halfripe</name>
		<pose>Unspecified</pose>
		<truncated>0</truncated>
		<difficult>0</difficult>
		<bndbox>
			<xmin>1676</xmin>
			<ymin>452</ymin>
			<xmax>1943</xmax>
			<ymax>711</ymax>
		</bndbox>
	</object>
	<object>
		<name>blueberry-unripe</name>
		<pose>Unspecified</pose>
		<truncated>0</truncated>
		<difficult>0</difficult>
		<bndbox>
			<xmin>2109</xmin>
			<ymin>801</ymin>
			<xmax>2330</xmax>
			<ymax>1025</ymax>
		</bndbox>
	</object>
	<object>
		<name>blueberry-unripe</name>
		<pose>Unspecified</pose>
		<truncated>0</truncated>
		<difficult>0</difficult>
		<bndbox>
			<xmin>1792</xmin>
			<ymin>835</ymin>
			<xmax>2014</xmax>
			<ymax>1064</ymax>
		</bndbox>
	</object>
	<object>
		<name>blueberry-unripe</name>
		<pose>Unspecified</pose>
		<truncated>0</truncated>
		<difficult>0</difficult>
		<bndbox>
			<xmin>1549</xmin>
			<ymin>614</ymin>
			<xmax>1780</xmax>
			<ymax>817</ymax>
		</bndbox>
	</object>
	<object>
		<name>blueberry-unripe</name>
		<pose>Unspecified</pose>
		<truncated>0</truncated>
		<difficult>0</difficult>
		<bndbox>
			<xmin>2398</xmin>
			<ymin>1262</ymin>
			<xmax>2582</xmax>
			<ymax>1451</ymax>
		</bndbox>
	</object>
	<object>
		<name>blueberry-unripe</name>
		<pose>Unspecified</pose>
		<truncated>0</truncated>
		<difficult>0</difficult>
		<bndbox>
			<xmin>2419</xmin>
			<ymin>1687</ymin>
			<xmax>2596</xmax>
			<ymax>1858</ymax>
		</bndbox>
	</object>
	<object>
		<name>blueberry-unripe</name>
		<pose>Unspecified</pose>
		<truncated>0</truncated>
		<difficult>0</difficult>
		<bndbox>
			<xmin>2217</xmin>
			<ymin>1786</ymin>
			<xmax>2413</xmax>
			<ymax>1976</ymax>
		</bndbox>
	</object>
	<object>
		<name>blueberry-unripe</name>
		<pose>Unspecified</pose>
		<truncated>0</truncated>
		<difficult>0</difficult>
		<bndbox>
			<xmin>1714</xmin>
			<ymin>1901</ymin>
			<xmax>1883</xmax>
			<ymax>2131</ymax>
		</bndbox>
	</object>
	<object>
		<name>blueberry-unripe</name>
		<pose>Unspecified</pose>
		<truncated>0</truncated>
		<difficult>0</difficult>
		<bndbox>
			<xmin>1996</xmin>
			<ymin>2182</ymin>
			<xmax>2212</xmax>
			<ymax>2384</ymax>
		</bndbox>
	</object>
	<object>
		<name>blueberry-unripe</name>
		<pose>Unspecified</pose>
		<truncated>0</truncated>
		<difficult>0</difficult>
		<bndbox>
			<xmin>2022</xmin>
			<ymin>2459</ymin>
			<xmax>2236</xmax>
			<ymax>2656</ymax>
		</bndbox>
	</object>
	<object>
		<name>blueberry-unripe</name>
		<pose>Unspecified</pose>
		<truncated>0</truncated>
		<difficult>0</difficult>
		<bndbox>
			<xmin>2192</xmin>
			<ymin>2564</ymin>
			<xmax>2396</xmax>
			<ymax>2762</ymax>
		</bndbox>
	</object>
	<object>
		<name>blueberry-unripe</name>
		<pose>Unspecified</pose>
		<truncated>0</truncated>
		<difficult>0</difficult>
		<bndbox>
			<xmin>2037</xmin>
			<ymin>2627</ymin>
			<xmax>2221</xmax>
			<ymax>2795</ymax>
		</bndbox>
	</object>
	<object>
		<name>blueberry-unripe</name>
		<pose>Unspecified</pose>
		<truncated>0</truncated>
		<difficult>0</difficult>
		<bndbox>
			<xmin>2079</xmin>
			<ymin>3027</ymin>
			<xmax>2299</xmax>
			<ymax>3275</ymax>
		</bndbox>
	</object>
</annotation>