<annotation>
	<folder>Images</folder>
	<filename>3606.jpg</filename>
	<path>C:\Users\mxx\Desktop\Blueberry Datasets\Images\blueberry (697).JPG</path>
	<source>
		<database>Unknown</database>
	</source>
	<size>
		<width>6000</width>
		<height>4000</height>
		<depth>3</depth>
	</size>
	<segmented>0</segmented>
	<object>
		<name>blueberry</name>
		<pose>Unspecified</pose>
		<truncated>0</truncated>
		<difficult>0</difficult>
		<bndbox>
			<xmin>1455</xmin>
			<ymin>2744</ymin>
			<xmax>1775</xmax>
			<ymax>3030</ymax>
		</bndbox>
	</object>
	<object>
		<name>blueberry</name>
		<pose>Unspecified</pose>
		<truncated>0</truncated>
		<difficult>0</difficult>
		<bndbox>
			<xmin>1025</xmin>
			<ymin>2100</ymin>
			<xmax>1296</xmax>
			<ymax>2376</ymax>
		</bndbox>
	</object>
	<object>
		<name>blueberry</name>
		<pose>Unspecified</pose>
		<truncated>0</truncated>
		<difficult>0</difficult>
		<bndbox>
			<xmin>1011</xmin>
			<ymin>1880</ymin>
			<xmax>1311</xmax>
			<ymax>2144</ymax>
		</bndbox>
	</object>
	<object>
		<name>blueberry</name>
		<pose>Unspecified</pose>
		<truncated>0</truncated>
		<difficult>0</difficult>
		<bndbox>
			<xmin>833</xmin>
			<ymin>1960</ymin>
			<xmax>1065</xmax>
			<ymax>2140</ymax>
		</bndbox>
	</object>
	<object>
		<name>blueberry</name>
		<pose>Unspecified</pose>
		<truncated>0</truncated>
		<difficult>0</difficult>
		<bndbox>
			<xmin>806</xmin>
			<ymin>1745</ymin>
			<xmax>1007</xmax>
			<ymax>1924</ymax>
		</bndbox>
	</object>
	<object>
		<name>blueberry</name>
		<pose>Unspecified</pose>
		<truncated>1</truncated>
		<difficult>0</difficult>
		<bndbox>
			<xmin>1736</xmin>
			<ymin>3893</ymin>
			<xmax>2051</xmax>
			<ymax>4000</ymax>
		</bndbox>
	</object>
	<object>
		<name>blueberry</name>
		<pose>Unspecified</pose>
		<truncated>0</truncated>
		<difficult>0</difficult>
		<bndbox>
			<xmin>1198</xmin>
			<ymin>4000</ymin>
			<xmax>1472</xmax>
			<ymax>4000</ymax>
		</bndbox>
	</object>
	<object>
		<name>blueberry</name>
		<pose>Unspecified</pose>
		<truncated>0</truncated>
		<difficult>0</difficult>
		<bndbox>
			<xmin>1917</xmin>
			<ymin>2643</ymin>
			<xmax>2226</xmax>
			<ymax>2954</ymax>
		</bndbox>
	</object>
	<object>
		<name>blueberry</name>
		<pose>Unspecified</pose>
		<truncated>0</truncated>
		<difficult>0</difficult>
		<bndbox>
			<xmin>2064</xmin>
			<ymin>2561</ymin>
			<xmax>2341</xmax>
			<ymax>2836</ymax>
		</bndbox>
	</object>
	<object>
		<name>blueberry</name>
		<pose>Unspecified</pose>
		<truncated>0</truncated>
		<difficult>0</difficult>
		<bndbox>
			<xmin>2274</xmin>
			<ymin>2515</ymin>
			<xmax>2603</xmax>
			<ymax>2840</ymax>
		</bndbox>
	</object>
	<object>
		<name>blueberry</name>
		<pose>Unspecified</pose>
		<truncated>0</truncated>
		<difficult>0</difficult>
		<bndbox>
			<xmin>2668</xmin>
			<ymin>2332</ymin>
			<xmax>2963</xmax>
			<ymax>2598</ymax>
		</bndbox>
	</object>
	<object>
		<name>blueberry</name>
		<pose>Unspecified</pose>
		<truncated>0</truncated>
		<difficult>0</difficult>
		<bndbox>
			<xmin>2488</xmin>
			<ymin>1959</ymin>
			<xmax>2775</xmax>
			<ymax>2246</ymax>
		</bndbox>
	</object>
	<object>
		<name>blueberry</name>
		<pose>Unspecified</pose>
		<truncated>0</truncated>
		<difficult>0</difficult>
		<bndbox>
			<xmin>3036</xmin>
			<ymin>3073</ymin>
			<xmax>3319</xmax>
			<ymax>3340</ymax>
		</bndbox>
	</object>
	<object>
		<name>blueberry</name>
		<pose>Unspecified</pose>
		<truncated>0</truncated>
		<difficult>0</difficult>
		<bndbox>
			<xmin>3041</xmin>
			<ymin>2897</ymin>
			<xmax>3306</xmax>
			<ymax>3099</ymax>
		</bndbox>
	</object>
	<object>
		<name>blueberry</name>
		<pose>Unspecified</pose>
		<truncated>0</truncated>
		<difficult>0</difficult>
		<bndbox>
			<xmin>3024</xmin>
			<ymin>1748</ymin>
			<xmax>3230</xmax>
			<ymax>1962</ymax>
		</bndbox>
	</object>
	<object>
		<name>blueberry</name>
		<pose>Unspecified</pose>
		<truncated>0</truncated>
		<difficult>0</difficult>
		<bndbox>
			<xmin>3050</xmin>
			<ymin>1551</ymin>
			<xmax>3308</xmax>
			<ymax>1813</ymax>
		</bndbox>
	</object>
	<object>
		<name>blueberry</name>
		<pose>Unspecified</pose>
		<truncated>0</truncated>
		<difficult>0</difficult>
		<bndbox>
			<xmin>3355</xmin>
			<ymin>1540</ymin>
			<xmax>3681</xmax>
			<ymax>1848</ymax>
		</bndbox>
	</object>
	<object>
		<name>blueberry</name>
		<pose>Unspecified</pose>
		<truncated>0</truncated>
		<difficult>0</difficult>
		<bndbox>
			<xmin>3285</xmin>
			<ymin>1838</ymin>
			<xmax>3541</xmax>
			<ymax>2098</ymax>
		</bndbox>
	</object>
	<object>
		<name>blueberry</name>
		<pose>Unspecified</pose>
		<truncated>0</truncated>
		<difficult>0</difficult>
		<bndbox>
			<xmin>3376</xmin>
			<ymin>1256</ymin>
			<xmax>3646</xmax>
			<ymax>1524</ymax>
		</bndbox>
	</object>
	<object>
		<name>blueberry</name>
		<pose>Unspecified</pose>
		<truncated>0</truncated>
		<difficult>0</difficult>
		<bndbox>
			<xmin>4041</xmin>
			<ymin>1377</ymin>
			<xmax>4377</xmax>
			<ymax>1693</ymax>
		</bndbox>
	</object>
	<object>
		<name>blueberry</name>
		<pose>Unspecified</pose>
		<truncated>0</truncated>
		<difficult>0</difficult>
		<bndbox>
			<xmin>4317</xmin>
			<ymin>1523</ymin>
			<xmax>4664</xmax>
			<ymax>1853</ymax>
		</bndbox>
	</object>
	<object>
		<name>blueberry</name>
		<pose>Unspecified</pose>
		<truncated>0</truncated>
		<difficult>0</difficult>
		<bndbox>
			<xmin>3407</xmin>
			<ymin>734</ymin>
			<xmax>3628</xmax>
			<ymax>955</ymax>
		</bndbox>
	</object>
	<object>
		<name>blueberry</name>
		<pose>Unspecified</pose>
		<truncated>0</truncated>
		<difficult>0</difficult>
		<bndbox>
			<xmin>5028</xmin>
			<ymin>2730</ymin>
			<xmax>5360</xmax>
			<ymax>3042</ymax>
		</bndbox>
	</object>
	<object>
		<name>blueberry-unripe</name>
		<pose>Unspecified</pose>
		<truncated>0</truncated>
		<difficult>0</difficult>
		<bndbox>
			<xmin>498</xmin>
			<ymin>2309</ymin>
			<xmax>732</xmax>
			<ymax>2544</ymax>
		</bndbox>
	</object>
	<object>
		<name>blueberry-unripe</name>
		<pose>Unspecified</pose>
		<truncated>0</truncated>
		<difficult>0</difficult>
		<bndbox>
			<xmin>801</xmin>
			<ymin>2483</ymin>
			<xmax>1002</xmax>
			<ymax>2677</ymax>
		</bndbox>
	</object>
	<object>
		<name>blueberry-unripe</name>
		<pose>Unspecified</pose>
		<truncated>0</truncated>
		<difficult>0</difficult>
		<bndbox>
			<xmin>478</xmin>
			<ymin>2025</ymin>
			<xmax>677</xmax>
			<ymax>2223</ymax>
		</bndbox>
	</object>
	<object>
		<name>blueberry-unripe</name>
		<pose>Unspecified</pose>
		<truncated>0</truncated>
		<difficult>0</difficult>
		<bndbox>
			<xmin>399</xmin>
			<ymin>1864</ymin>
			<xmax>666</xmax>
			<ymax>2113</ymax>
		</bndbox>
	</object>
	<object>
		<name>blueberry-unripe</name>
		<pose>Unspecified</pose>
		<truncated>0</truncated>
		<difficult>0</difficult>
		<bndbox>
			<xmin>408</xmin>
			<ymin>1662</ymin>
			<xmax>646</xmax>
			<ymax>1860</ymax>
		</bndbox>
	</object>
	<object>
		<name>blueberry-unripe</name>
		<pose>Unspecified</pose>
		<truncated>0</truncated>
		<difficult>0</difficult>
		<bndbox>
			<xmin>581</xmin>
			<ymin>1677</ymin>
			<xmax>830</xmax>
			<ymax>1933</ymax>
		</bndbox>
	</object>
	<object>
		<name>blueberry-unripe</name>
		<pose>Unspecified</pose>
		<truncated>0</truncated>
		<difficult>0</difficult>
		<bndbox>
			<xmin>731</xmin>
			<ymin>1768</ymin>
			<xmax>1011</xmax>
			<ymax>2053</ymax>
		</bndbox>
	</object>
	<object>
		<name>blueberry-unripe</name>
		<pose>Unspecified</pose>
		<truncated>0</truncated>
		<difficult>0</difficult>
		<bndbox>
			<xmin>752</xmin>
			<ymin>2025</ymin>
			<xmax>957</xmax>
			<ymax>2216</ymax>
		</bndbox>
	</object>
	<object>
		<name>blueberry-unripe</name>
		<pose>Unspecified</pose>
		<truncated>0</truncated>
		<difficult>0</difficult>
		<bndbox>
			<xmin>1195</xmin>
			<ymin>2098</ymin>
			<xmax>1388</xmax>
			<ymax>2290</ymax>
		</bndbox>
	</object>
	<object>
		<name>blueberry-unripe</name>
		<pose>Unspecified</pose>
		<truncated>0</truncated>
		<difficult>0</difficult>
		<bndbox>
			<xmin>1289</xmin>
			<ymin>2301</ymin>
			<xmax>1492</xmax>
			<ymax>2502</ymax>
		</bndbox>
	</object>
	<object>
		<name>blueberry-unripe</name>
		<pose>Unspecified</pose>
		<truncated>0</truncated>
		<difficult>0</difficult>
		<bndbox>
			<xmin>1033</xmin>
			<ymin>2718</ymin>
			<xmax>1234</xmax>
			<ymax>2927</ymax>
		</bndbox>
	</object>
	<object>
		<name>blueberry-unripe</name>
		<pose>Unspecified</pose>
		<truncated>0</truncated>
		<difficult>0</difficult>
		<bndbox>
			<xmin>1863</xmin>
			<ymin>2545</ymin>
			<xmax>2063</xmax>
			<ymax>2749</ymax>
		</bndbox>
	</object>
	<object>
		<name>blueberry-unripe</name>
		<pose>Unspecified</pose>
		<truncated>0</truncated>
		<difficult>0</difficult>
		<bndbox>
			<xmin>1655</xmin>
			<ymin>2946</ymin>
			<xmax>1883</xmax>
			<ymax>3176</ymax>
		</bndbox>
	</object>
	<object>
		<name>blueberry-unripe</name>
		<pose>Unspecified</pose>
		<truncated>0</truncated>
		<difficult>0</difficult>
		<bndbox>
			<xmin>2064</xmin>
			<ymin>2843</ymin>
			<xmax>2287</xmax>
			<ymax>3067</ymax>
		</bndbox>
	</object>
	<object>
		<name>blueberry-unripe</name>
		<pose>Unspecified</pose>
		<truncated>0</truncated>
		<difficult>0</difficult>
		<bndbox>
			<xmin>2319</xmin>
			<ymin>2633</ymin>
			<xmax>2478</xmax>
			<ymax>2807</ymax>
		</bndbox>
	</object>
	<object>
		<name>blueberry-unripe</name>
		<pose>Unspecified</pose>
		<truncated>0</truncated>
		<difficult>0</difficult>
		<bndbox>
			<xmin>1197</xmin>
			<ymin>3480</ymin>
			<xmax>1357</xmax>
			<ymax>3634</ymax>
		</bndbox>
	</object>
	<object>
		<name>blueberry-unripe</name>
		<pose>Unspecified</pose>
		<truncated>0</truncated>
		<difficult>0</difficult>
		<bndbox>
			<xmin>1433</xmin>
			<ymin>3971</ymin>
			<xmax>1677</xmax>
			<ymax>4000</ymax>
		</bndbox>
	</object>
	<object>
		<name>&#12289;</name>
		<pose>Unspecified</pose>
		<truncated>0</truncated>
		<difficult>0</difficult>
		<bndbox>
			<xmin>1108</xmin>
			<ymin>3499</ymin>
			<xmax>1265</xmax>
			<ymax>3678</ymax>
		</bndbox>
	</object>
	<object>
		<name>blueberry-unripe</name>
		<pose>Unspecified</pose>
		<truncated>0</truncated>
		<difficult>0</difficult>
		<bndbox>
			<xmin>3043</xmin>
			<ymin>3264</ymin>
			<xmax>3246</xmax>
			<ymax>3460</ymax>
		</bndbox>
	</object>
	<object>
		<name>blueberry-unripe</name>
		<pose>Unspecified</pose>
		<truncated>0</truncated>
		<difficult>0</difficult>
		<bndbox>
			<xmin>3276</xmin>
			<ymin>3242</ymin>
			<xmax>3489</xmax>
			<ymax>3453</ymax>
		</bndbox>
	</object>
	<object>
		<name>blueberry-unripe</name>
		<pose>Unspecified</pose>
		<truncated>0</truncated>
		<difficult>0</difficult>
		<bndbox>
			<xmin>3937</xmin>
			<ymin>3042</ymin>
			<xmax>4143</xmax>
			<ymax>3235</ymax>
		</bndbox>
	</object>
	<object>
		<name>blueberry-unripe</name>
		<pose>Unspecified</pose>
		<truncated>0</truncated>
		<difficult>0</difficult>
		<bndbox>
			<xmin>4138</xmin>
			<ymin>2782</ymin>
			<xmax>4286</xmax>
			<ymax>2935</ymax>
		</bndbox>
	</object>
	<object>
		<name>blueberry-unripe</name>
		<pose>Unspecified</pose>
		<truncated>0</truncated>
		<difficult>0</difficult>
		<bndbox>
			<xmin>4280</xmin>
			<ymin>2816</ymin>
			<xmax>4507</xmax>
			<ymax>3041</ymax>
		</bndbox>
	</object>
	<object>
		<name>blueberry-unripe</name>
		<pose>Unspecified</pose>
		<truncated>0</truncated>
		<difficult>0</difficult>
		<bndbox>
			<xmin>4230</xmin>
			<ymin>2923</ymin>
			<xmax>4384</xmax>
			<ymax>3081</ymax>
		</bndbox>
	</object>
	<object>
		<name>blueberry-halfripe</name>
		<pose>Unspecified</pose>
		<truncated>0</truncated>
		<difficult>0</difficult>
		<bndbox>
			<xmin>4394</xmin>
			<ymin>2639</ymin>
			<xmax>4675</xmax>
			<ymax>2914</ymax>
		</bndbox>
	</object>
	<object>
		<name>blueberry-unripe</name>
		<pose>Unspecified</pose>
		<truncated>0</truncated>
		<difficult>0</difficult>
		<bndbox>
			<xmin>3956</xmin>
			<ymin>2529</ymin>
			<xmax>4190</xmax>
			<ymax>2765</ymax>
		</bndbox>
	</object>
	<object>
		<name>blueberry-unripe</name>
		<pose>Unspecified</pose>
		<truncated>0</truncated>
		<difficult>0</difficult>
		<bndbox>
			<xmin>4205</xmin>
			<ymin>2383</ymin>
			<xmax>4442</xmax>
			<ymax>2624</ymax>
		</bndbox>
	</object>
	<object>
		<name>blueberry-unripe</name>
		<pose>Unspecified</pose>
		<truncated>0</truncated>
		<difficult>0</difficult>
		<bndbox>
			<xmin>4488</xmin>
			<ymin>2502</ymin>
			<xmax>4726</xmax>
			<ymax>2723</ymax>
		</bndbox>
	</object>
	<object>
		<name>blueberry-unripe</name>
		<pose>Unspecified</pose>
		<truncated>0</truncated>
		<difficult>0</difficult>
		<bndbox>
			<xmin>3591</xmin>
			<ymin>2275</ymin>
			<xmax>3786</xmax>
			<ymax>2474</ymax>
		</bndbox>
	</object>
	<object>
		<name>blueberry-unripe</name>
		<pose>Unspecified</pose>
		<truncated>0</truncated>
		<difficult>0</difficult>
		<bndbox>
			<xmin>3431</xmin>
			<ymin>1943</ymin>
			<xmax>3618</xmax>
			<ymax>2125</ymax>
		</bndbox>
	</object>
	<object>
		<name>blueberry-unripe</name>
		<pose>Unspecified</pose>
		<truncated>0</truncated>
		<difficult>0</difficult>
		<bndbox>
			<xmin>3543</xmin>
			<ymin>1774</ymin>
			<xmax>3749</xmax>
			<ymax>1976</ymax>
		</bndbox>
	</object>
	<object>
		<name>blueberry-unripe</name>
		<pose>Unspecified</pose>
		<truncated>0</truncated>
		<difficult>0</difficult>
		<bndbox>
			<xmin>3932</xmin>
			<ymin>1461</ymin>
			<xmax>4124</xmax>
			<ymax>1691</ymax>
		</bndbox>
	</object>
	<object>
		<name>blueberry-unripe</name>
		<pose>Unspecified</pose>
		<truncated>0</truncated>
		<difficult>0</difficult>
		<bndbox>
			<xmin>3565</xmin>
			<ymin>1355</ymin>
			<xmax>3790</xmax>
			<ymax>1572</ymax>
		</bndbox>
	</object>
	<object>
		<name>blueberry-unripe</name>
		<pose>Unspecified</pose>
		<truncated>0</truncated>
		<difficult>0</difficult>
		<bndbox>
			<xmin>3447</xmin>
			<ymin>1138</ymin>
			<xmax>3669</xmax>
			<ymax>1350</ymax>
		</bndbox>
	</object>
	<object>
		<name>blueberry-unripe</name>
		<pose>Unspecified</pose>
		<truncated>0</truncated>
		<difficult>0</difficult>
		<bndbox>
			<xmin>3275</xmin>
			<ymin>1109</ymin>
			<xmax>3489</xmax>
			<ymax>1321</ymax>
		</bndbox>
	</object>
	<object>
		<name>blueberry-unripe</name>
		<pose>Unspecified</pose>
		<truncated>0</truncated>
		<difficult>0</difficult>
		<bndbox>
			<xmin>3407</xmin>
			<ymin>1025</ymin>
			<xmax>3598</xmax>
			<ymax>1206</ymax>
		</bndbox>
	</object>
	<object>
		<name>blueberry-unripe</name>
		<pose>Unspecified</pose>
		<truncated>0</truncated>
		<difficult>0</difficult>
		<bndbox>
			<xmin>3175</xmin>
			<ymin>642</ymin>
			<xmax>3414</xmax>
			<ymax>899</ymax>
		</bndbox>
	</object>
</annotation>