<annotation>
	<folder>Images</folder>
	<filename>3607.jpg</filename>
	<path>C:\Users\mxx\Desktop\Blueberry Datasets\Images\blueberry (697).JPG</path>
	<source>
		<database>Unknown</database>
	</source>
	<size>
		<width>6000</width>
		<height>4000</height>
		<depth>3</depth>
	</size>
	<segmented>0</segmented>
	<object>
		<name>blueberry</name>
		<pose>Unspecified</pose>
		<truncated>0</truncated>
		<difficult>0</difficult>
		<bndbox>
			<xmin>1155</xmin>
			<ymin>1488</ymin>
			<xmax>1502</xmax>
			<ymax>1810</ymax>
		</bndbox>
	</object>
	<object>
		<name>blueberry</name>
		<pose>Unspecified</pose>
		<truncated>0</truncated>
		<difficult>0</difficult>
		<bndbox>
			<xmin>1310</xmin>
			<ymin>678</ymin>
			<xmax>1611</xmax>
			<ymax>983</ymax>
		</bndbox>
	</object>
	<object>
		<name>blueberry</name>
		<pose>Unspecified</pose>
		<truncated>0</truncated>
		<difficult>0</difficult>
		<bndbox>
			<xmin>1463</xmin>
			<ymin>512</ymin>
			<xmax>1789</xmax>
			<ymax>811</ymax>
		</bndbox>
	</object>
	<object>
		<name>blueberry</name>
		<pose>Unspecified</pose>
		<truncated>0</truncated>
		<difficult>0</difficult>
		<bndbox>
			<xmin>1315</xmin>
			<ymin>432</ymin>
			<xmax>1562</xmax>
			<ymax>640</ymax>
		</bndbox>
	</object>
	<object>
		<name>blueberry</name>
		<pose>Unspecified</pose>
		<truncated>0</truncated>
		<difficult>0</difficult>
		<bndbox>
			<xmin>1455</xmin>
			<ymin>242</ymin>
			<xmax>1674</xmax>
			<ymax>444</ymax>
		</bndbox>
	</object>
	<object>
		<name>blueberry</name>
		<pose>Unspecified</pose>
		<truncated>1</truncated>
		<difficult>0</difficult>
		<bndbox>
			<xmin>528</xmin>
			<ymin>2553</ymin>
			<xmax>872</xmax>
			<ymax>2875</ymax>
		</bndbox>
	</object>
	<object>
		<name>blueberry</name>
		<pose>Unspecified</pose>
		<truncated>0</truncated>
		<difficult>0</difficult>
		<bndbox>
			<xmin>1</xmin>
			<ymin>2321</ymin>
			<xmax>284</xmax>
			<ymax>2592</ymax>
		</bndbox>
	</object>
	<object>
		<name>blueberry</name>
		<pose>Unspecified</pose>
		<truncated>0</truncated>
		<difficult>0</difficult>
		<bndbox>
			<xmin>1564</xmin>
			<ymin>1743</ymin>
			<xmax>1907</xmax>
			<ymax>2088</ymax>
		</bndbox>
	</object>
	<object>
		<name>blueberry</name>
		<pose>Unspecified</pose>
		<truncated>0</truncated>
		<difficult>0</difficult>
		<bndbox>
			<xmin>1754</xmin>
			<ymin>1784</ymin>
			<xmax>2060</xmax>
			<ymax>2088</ymax>
		</bndbox>
	</object>
	<object>
		<name>blueberry</name>
		<pose>Unspecified</pose>
		<truncated>0</truncated>
		<difficult>0</difficult>
		<bndbox>
			<xmin>1917</xmin>
			<ymin>1912</ymin>
			<xmax>2281</xmax>
			<ymax>2272</ymax>
		</bndbox>
	</object>
	<object>
		<name>blueberry</name>
		<pose>Unspecified</pose>
		<truncated>0</truncated>
		<difficult>0</difficult>
		<bndbox>
			<xmin>2376</xmin>
			<ymin>2058</ymin>
			<xmax>2697</xmax>
			<ymax>2357</ymax>
		</bndbox>
	</object>
	<object>
		<name>blueberry</name>
		<pose>Unspecified</pose>
		<truncated>0</truncated>
		<difficult>0</difficult>
		<bndbox>
			<xmin>2504</xmin>
			<ymin>1642</ymin>
			<xmax>2822</xmax>
			<ymax>1960</ymax>
		</bndbox>
	</object>
	<object>
		<name>blueberry</name>
		<pose>Unspecified</pose>
		<truncated>0</truncated>
		<difficult>0</difficult>
		<bndbox>
			<xmin>2113</xmin>
			<ymin>2878</ymin>
			<xmax>2424</xmax>
			<ymax>3177</ymax>
		</bndbox>
	</object>
	<object>
		<name>blueberry</name>
		<pose>Unspecified</pose>
		<truncated>0</truncated>
		<difficult>0</difficult>
		<bndbox>
			<xmin>2276</xmin>
			<ymin>2751</ymin>
			<xmax>2558</xmax>
			<ymax>2986</ymax>
		</bndbox>
	</object>
	<object>
		<name>blueberry</name>
		<pose>Unspecified</pose>
		<truncated>0</truncated>
		<difficult>0</difficult>
		<bndbox>
			<xmin>3100</xmin>
			<ymin>1859</ymin>
			<xmax>3329</xmax>
			<ymax>2094</ymax>
		</bndbox>
	</object>
	<object>
		<name>blueberry</name>
		<pose>Unspecified</pose>
		<truncated>0</truncated>
		<difficult>0</difficult>
		<bndbox>
			<xmin>3237</xmin>
			<ymin>1741</ymin>
			<xmax>3524</xmax>
			<ymax>2029</ymax>
		</bndbox>
	</object>
	<object>
		<name>blueberry</name>
		<pose>Unspecified</pose>
		<truncated>0</truncated>
		<difficult>0</difficult>
		<bndbox>
			<xmin>3447</xmin>
			<ymin>1969</ymin>
			<xmax>3805</xmax>
			<ymax>2313</ymax>
		</bndbox>
	</object>
	<object>
		<name>blueberry</name>
		<pose>Unspecified</pose>
		<truncated>0</truncated>
		<difficult>0</difficult>
		<bndbox>
			<xmin>3205</xmin>
			<ymin>2127</ymin>
			<xmax>3490</xmax>
			<ymax>2414</ymax>
		</bndbox>
	</object>
	<object>
		<name>blueberry</name>
		<pose>Unspecified</pose>
		<truncated>0</truncated>
		<difficult>0</difficult>
		<bndbox>
			<xmin>3693</xmin>
			<ymin>1759</ymin>
			<xmax>3991</xmax>
			<ymax>2057</ymax>
		</bndbox>
	</object>
	<object>
		<name>blueberry</name>
		<pose>Unspecified</pose>
		<truncated>0</truncated>
		<difficult>0</difficult>
		<bndbox>
			<xmin>4076</xmin>
			<ymin>2349</ymin>
			<xmax>4444</xmax>
			<ymax>2702</ymax>
		</bndbox>
	</object>
	<object>
		<name>blueberry</name>
		<pose>Unspecified</pose>
		<truncated>0</truncated>
		<difficult>0</difficult>
		<bndbox>
			<xmin>4169</xmin>
			<ymin>2661</ymin>
			<xmax>4550</xmax>
			<ymax>3030</ymax>
		</bndbox>
	</object>
	<object>
		<name>blueberry</name>
		<pose>Unspecified</pose>
		<truncated>0</truncated>
		<difficult>0</difficult>
		<bndbox>
			<xmin>4122</xmin>
			<ymin>1381</ymin>
			<xmax>4367</xmax>
			<ymax>1626</ymax>
		</bndbox>
	</object>
	<object>
		<name>blueberry</name>
		<pose>Unspecified</pose>
		<truncated>0</truncated>
		<difficult>0</difficult>
		<bndbox>
			<xmin>3832</xmin>
			<ymin>4000</ymin>
			<xmax>4196</xmax>
			<ymax>4000</ymax>
		</bndbox>
	</object>
	<object>
		<name>blueberry-unripe</name>
		<pose>Unspecified</pose>
		<truncated>0</truncated>
		<difficult>0</difficult>
		<bndbox>
			<xmin>785</xmin>
			<ymin>444</ymin>
			<xmax>1043</xmax>
			<ymax>704</ymax>
		</bndbox>
	</object>
	<object>
		<name>blueberry-unripe</name>
		<pose>Unspecified</pose>
		<truncated>0</truncated>
		<difficult>0</difficult>
		<bndbox>
			<xmin>907</xmin>
			<ymin>791</ymin>
			<xmax>1128</xmax>
			<ymax>1007</ymax>
		</bndbox>
	</object>
	<object>
		<name>blueberry-unripe</name>
		<pose>Unspecified</pose>
		<truncated>0</truncated>
		<difficult>0</difficult>
		<bndbox>
			<xmin>997</xmin>
			<ymin>210</ymin>
			<xmax>1217</xmax>
			<ymax>430</ymax>
		</bndbox>
	</object>
	<object>
		<name>blueberry-unripe</name>
		<pose>Unspecified</pose>
		<truncated>0</truncated>
		<difficult>0</difficult>
		<bndbox>
			<xmin>1025</xmin>
			<ymin>46</ymin>
			<xmax>1318</xmax>
			<ymax>325</ymax>
		</bndbox>
	</object>
	<object>
		<name>blueberry-unripe</name>
		<pose>Unspecified</pose>
		<truncated>0</truncated>
		<difficult>0</difficult>
		<bndbox>
			<xmin>1205</xmin>
			<ymin>1</ymin>
			<xmax>1461</xmax>
			<ymax>123</ymax>
		</bndbox>
	</object>
	<object>
		<name>blueberry-unripe</name>
		<pose>Unspecified</pose>
		<truncated>0</truncated>
		<difficult>0</difficult>
		<bndbox>
			<xmin>1297</xmin>
			<ymin>33</ymin>
			<xmax>1574</xmax>
			<ymax>315</ymax>
		</bndbox>
	</object>
	<object>
		<name>blueberry-unripe</name>
		<pose>Unspecified</pose>
		<truncated>0</truncated>
		<difficult>0</difficult>
		<bndbox>
			<xmin>1327</xmin>
			<ymin>217</ymin>
			<xmax>1638</xmax>
			<ymax>531</ymax>
		</bndbox>
	</object>
	<object>
		<name>blueberry-unripe</name>
		<pose>Unspecified</pose>
		<truncated>0</truncated>
		<difficult>0</difficult>
		<bndbox>
			<xmin>1205</xmin>
			<ymin>412</ymin>
			<xmax>1429</xmax>
			<ymax>626</ymax>
		</bndbox>
	</object>
	<object>
		<name>blueberry-unripe</name>
		<pose>Unspecified</pose>
		<truncated>0</truncated>
		<difficult>0</difficult>
		<bndbox>
			<xmin>1485</xmin>
			<ymin>787</ymin>
			<xmax>1698</xmax>
			<ymax>1000</ymax>
		</bndbox>
	</object>
	<object>
		<name>blueberry-unripe</name>
		<pose>Unspecified</pose>
		<truncated>0</truncated>
		<difficult>0</difficult>
		<bndbox>
			<xmin>1402</xmin>
			<ymin>1009</ymin>
			<xmax>1626</xmax>
			<ymax>1232</ymax>
		</bndbox>
	</object>
	<object>
		<name>blueberry-unripe</name>
		<pose>Unspecified</pose>
		<truncated>0</truncated>
		<difficult>0</difficult>
		<bndbox>
			<xmin>903</xmin>
			<ymin>1134</ymin>
			<xmax>1126</xmax>
			<ymax>1365</ymax>
		</bndbox>
	</object>
	<object>
		<name>blueberry-unripe</name>
		<pose>Unspecified</pose>
		<truncated>0</truncated>
		<difficult>0</difficult>
		<bndbox>
			<xmin>1654</xmin>
			<ymin>1610</ymin>
			<xmax>1876</xmax>
			<ymax>1835</ymax>
		</bndbox>
	</object>
	<object>
		<name>blueberry-unripe</name>
		<pose>Unspecified</pose>
		<truncated>0</truncated>
		<difficult>0</difficult>
		<bndbox>
			<xmin>1191</xmin>
			<ymin>1765</ymin>
			<xmax>1443</xmax>
			<ymax>2018</ymax>
		</bndbox>
	</object>
	<object>
		<name>blueberry-unripe</name>
		<pose>Unspecified</pose>
		<truncated>0</truncated>
		<difficult>0</difficult>
		<bndbox>
			<xmin>1576</xmin>
			<ymin>1985</ymin>
			<xmax>1823</xmax>
			<ymax>2232</ymax>
		</bndbox>
	</object>
	<object>
		<name>blueberry-unripe</name>
		<pose>Unspecified</pose>
		<truncated>0</truncated>
		<difficult>0</difficult>
		<bndbox>
			<xmin>1949</xmin>
			<ymin>1999</ymin>
			<xmax>2128</xmax>
			<ymax>2190</ymax>
		</bndbox>
	</object>
	<object>
		<name>blueberry-unripe</name>
		<pose>Unspecified</pose>
		<truncated>0</truncated>
		<difficult>0</difficult>
		<bndbox>
			<xmin>499</xmin>
			<ymin>1819</ymin>
			<xmax>674</xmax>
			<ymax>1991</ymax>
		</bndbox>
	</object>
	<object>
		<name>blueberry-unripe</name>
		<pose>Unspecified</pose>
		<truncated>0</truncated>
		<difficult>0</difficult>
		<bndbox>
			<xmin>263</xmin>
			<ymin>2373</ymin>
			<xmax>535</xmax>
			<ymax>2656</ymax>
		</bndbox>
	</object>
	<object>
		<name>&#12289;</name>
		<pose>Unspecified</pose>
		<truncated>0</truncated>
		<difficult>0</difficult>
		<bndbox>
			<xmin>408</xmin>
			<ymin>1765</ymin>
			<xmax>585</xmax>
			<ymax>1960</ymax>
		</bndbox>
	</object>
	<object>
		<name>blueberry-unripe</name>
		<pose>Unspecified</pose>
		<truncated>0</truncated>
		<difficult>0</difficult>
		<bndbox>
			<xmin>2018</xmin>
			<ymin>3011</ymin>
			<xmax>2241</xmax>
			<ymax>3229</ymax>
		</bndbox>
	</object>
	<object>
		<name>blueberry-unripe</name>
		<pose>Unspecified</pose>
		<truncated>0</truncated>
		<difficult>0</difficult>
		<bndbox>
			<xmin>2201</xmin>
			<ymin>3166</ymin>
			<xmax>2437</xmax>
			<ymax>3400</ymax>
		</bndbox>
	</object>
	<object>
		<name>blueberry-unripe</name>
		<pose>Unspecified</pose>
		<truncated>0</truncated>
		<difficult>0</difficult>
		<bndbox>
			<xmin>2852</xmin>
			<ymin>3497</ymin>
			<xmax>3077</xmax>
			<ymax>3713</ymax>
		</bndbox>
	</object>
	<object>
		<name>blueberry-unripe</name>
		<pose>Unspecified</pose>
		<truncated>0</truncated>
		<difficult>0</difficult>
		<bndbox>
			<xmin>3215</xmin>
			<ymin>3437</ymin>
			<xmax>3380</xmax>
			<ymax>3604</ymax>
		</bndbox>
	</object>
	<object>
		<name>blueberry-unripe</name>
		<pose>Unspecified</pose>
		<truncated>0</truncated>
		<difficult>0</difficult>
		<bndbox>
			<xmin>3258</xmin>
			<ymin>3581</ymin>
			<xmax>3509</xmax>
			<ymax>3830</ymax>
		</bndbox>
	</object>
	<object>
		<name>blueberry-unripe</name>
		<pose>Unspecified</pose>
		<truncated>0</truncated>
		<difficult>0</difficult>
		<bndbox>
			<xmin>3178</xmin>
			<ymin>3611</ymin>
			<xmax>3350</xmax>
			<ymax>3785</ymax>
		</bndbox>
	</object>
	<object>
		<name>blueberry-halfripe</name>
		<pose>Unspecified</pose>
		<truncated>0</truncated>
		<difficult>0</difficult>
		<bndbox>
			<xmin>3444</xmin>
			<ymin>3541</ymin>
			<xmax>3754</xmax>
			<ymax>3847</ymax>
		</bndbox>
	</object>
	<object>
		<name>blueberry-unripe</name>
		<pose>Unspecified</pose>
		<truncated>0</truncated>
		<difficult>0</difficult>
		<bndbox>
			<xmin>3217</xmin>
			<ymin>3130</ymin>
			<xmax>3477</xmax>
			<ymax>3391</ymax>
		</bndbox>
	</object>
	<object>
		<name>blueberry-unripe</name>
		<pose>Unspecified</pose>
		<truncated>0</truncated>
		<difficult>0</difficult>
		<bndbox>
			<xmin>3509</xmin>
			<ymin>3203</ymin>
			<xmax>3772</xmax>
			<ymax>3469</ymax>
		</bndbox>
	</object>
	<object>
		<name>blueberry-unripe</name>
		<pose>Unspecified</pose>
		<truncated>0</truncated>
		<difficult>0</difficult>
		<bndbox>
			<xmin>3643</xmin>
			<ymin>3500</ymin>
			<xmax>3903</xmax>
			<ymax>3747</ymax>
		</bndbox>
	</object>
	<object>
		<name>blueberry-unripe</name>
		<pose>Unspecified</pose>
		<truncated>0</truncated>
		<difficult>0</difficult>
		<bndbox>
			<xmin>3149</xmin>
			<ymin>2666</ymin>
			<xmax>3366</xmax>
			<ymax>2886</ymax>
		</bndbox>
	</object>
	<object>
		<name>blueberry-unripe</name>
		<pose>Unspecified</pose>
		<truncated>0</truncated>
		<difficult>0</difficult>
		<bndbox>
			<xmin>3280</xmin>
			<ymin>2300</ymin>
			<xmax>3485</xmax>
			<ymax>2502</ymax>
		</bndbox>
	</object>
	<object>
		<name>blueberry-unripe</name>
		<pose>Unspecified</pose>
		<truncated>0</truncated>
		<difficult>0</difficult>
		<bndbox>
			<xmin>3476</xmin>
			<ymin>2258</ymin>
			<xmax>3704</xmax>
			<ymax>2482</ymax>
		</bndbox>
	</object>
	<object>
		<name>blueberry-unripe</name>
		<pose>Unspecified</pose>
		<truncated>0</truncated>
		<difficult>0</difficult>
		<bndbox>
			<xmin>3985</xmin>
			<ymin>2301</ymin>
			<xmax>4204</xmax>
			<ymax>2549</ymax>
		</bndbox>
	</object>
	<object>
		<name>blueberry-unripe</name>
		<pose>Unspecified</pose>
		<truncated>0</truncated>
		<difficult>0</difficult>
		<bndbox>
			<xmin>3789</xmin>
			<ymin>1964</ymin>
			<xmax>4037</xmax>
			<ymax>2205</ymax>
		</bndbox>
	</object>
	<object>
		<name>blueberry-unripe</name>
		<pose>Unspecified</pose>
		<truncated>0</truncated>
		<difficult>0</difficult>
		<bndbox>
			<xmin>3862</xmin>
			<ymin>1715</ymin>
			<xmax>4106</xmax>
			<ymax>1951</ymax>
		</bndbox>
	</object>
	<object>
		<name>blueberry-unripe</name>
		<pose>Unspecified</pose>
		<truncated>0</truncated>
		<difficult>0</difficult>
		<bndbox>
			<xmin>3755</xmin>
			<ymin>1565</ymin>
			<xmax>3992</xmax>
			<ymax>1800</ymax>
		</bndbox>
	</object>
	<object>
		<name>blueberry-unripe</name>
		<pose>Unspecified</pose>
		<truncated>0</truncated>
		<difficult>0</difficult>
		<bndbox>
			<xmin>3931</xmin>
			<ymin>1595</ymin>
			<xmax>4141</xmax>
			<ymax>1797</ymax>
		</bndbox>
	</object>
	<object>
		<name>blueberry-unripe</name>
		<pose>Unspecified</pose>
		<truncated>0</truncated>
		<difficult>0</difficult>
		<bndbox>
			<xmin>3998</xmin>
			<ymin>1145</ymin>
			<xmax>4265</xmax>
			<ymax>1425</ymax>
		</bndbox>
	</object>
</annotation>