<annotation>
	<folder>Images</folder>
	<filename>blueberry (697).JPG</filename>
	<path>C:\Users\mxx\Desktop\Blueberry Datasets\Images\blueberry (697).JPG</path>
	<source>
		<database>Unknown</database>
	</source>
	<size>
		<width>6000</width>
		<height>4000</height>
		<depth>3</depth>
	</size>
	<segmented>0</segmented>
	<object>
		<name>blueberry</name>
		<pose>Unspecified</pose>
		<truncated>0</truncated>
		<difficult>0</difficult>
		<bndbox>
			<xmin>931</xmin>
			<ymin>1408</ymin>
			<xmax>1248</xmax>
			<ymax>1662</ymax>
		</bndbox>
	</object>
	<object>
		<name>blueberry</name>
		<pose>Unspecified</pose>
		<truncated>0</truncated>
		<difficult>0</difficult>
		<bndbox>
			<xmin>690</xmin>
			<ymin>2308</ymin>
			<xmax>944</xmax>
			<ymax>2571</ymax>
		</bndbox>
	</object>
	<object>
		<name>blueberry</name>
		<pose>Unspecified</pose>
		<truncated>0</truncated>
		<difficult>0</difficult>
		<bndbox>
			<xmin>752</xmin>
			<ymin>2579</ymin>
			<xmax>1052</xmax>
			<ymax>2812</ymax>
		</bndbox>
	</object>
	<object>
		<name>blueberry</name>
		<pose>Unspecified</pose>
		<truncated>0</truncated>
		<difficult>0</difficult>
		<bndbox>
			<xmin>527</xmin>
			<ymin>2658</ymin>
			<xmax>769</xmax>
			<ymax>2804</ymax>
		</bndbox>
	</object>
	<object>
		<name>blueberry</name>
		<pose>Unspecified</pose>
		<truncated>0</truncated>
		<difficult>0</difficult>
		<bndbox>
			<xmin>581</xmin>
			<ymin>2912</ymin>
			<xmax>781</xmax>
			<ymax>3071</ymax>
		</bndbox>
	</object>
	<object>
		<name>blueberry</name>
		<pose>Unspecified</pose>
		<truncated>1</truncated>
		<difficult>0</difficult>
		<bndbox>
			<xmin>820</xmin>
			<ymin>1</ymin>
			<xmax>1131</xmax>
			<ymax>258</ymax>
		</bndbox>
	</object>
	<object>
		<name>blueberry</name>
		<pose>Unspecified</pose>
		<truncated>0</truncated>
		<difficult>0</difficult>
		<bndbox>
			<xmin>131</xmin>
			<ymin>8</ymin>
			<xmax>406</xmax>
			<ymax>217</ymax>
		</bndbox>
	</object>
	<object>
		<name>blueberry</name>
		<pose>Unspecified</pose>
		<truncated>0</truncated>
		<difficult>0</difficult>
		<bndbox>
			<xmin>1494</xmin>
			<ymin>1317</ymin>
			<xmax>1785</xmax>
			<ymax>1612</ymax>
		</bndbox>
	</object>
	<object>
		<name>blueberry</name>
		<pose>Unspecified</pose>
		<truncated>0</truncated>
		<difficult>0</difficult>
		<bndbox>
			<xmin>1694</xmin>
			<ymin>1400</ymin>
			<xmax>1956</xmax>
			<ymax>1658</ymax>
		</bndbox>
	</object>
	<object>
		<name>blueberry</name>
		<pose>Unspecified</pose>
		<truncated>0</truncated>
		<difficult>0</difficult>
		<bndbox>
			<xmin>1944</xmin>
			<ymin>1312</ymin>
			<xmax>2256</xmax>
			<ymax>1617</ymax>
		</bndbox>
	</object>
	<object>
		<name>blueberry</name>
		<pose>Unspecified</pose>
		<truncated>0</truncated>
		<difficult>0</difficult>
		<bndbox>
			<xmin>2460</xmin>
			<ymin>1446</ymin>
			<xmax>2752</xmax>
			<ymax>1683</ymax>
		</bndbox>
	</object>
	<object>
		<name>blueberry</name>
		<pose>Unspecified</pose>
		<truncated>0</truncated>
		<difficult>0</difficult>
		<bndbox>
			<xmin>2398</xmin>
			<ymin>1908</ymin>
			<xmax>2669</xmax>
			<ymax>2179</ymax>
		</bndbox>
	</object>
	<object>
		<name>blueberry</name>
		<pose>Unspecified</pose>
		<truncated>0</truncated>
		<difficult>0</difficult>
		<bndbox>
			<xmin>2602</xmin>
			<ymin>467</ymin>
			<xmax>2877</xmax>
			<ymax>712</ymax>
		</bndbox>
	</object>
	<object>
		<name>blueberry</name>
		<pose>Unspecified</pose>
		<truncated>0</truncated>
		<difficult>0</difficult>
		<bndbox>
			<xmin>2673</xmin>
			<ymin>746</ymin>
			<xmax>2952</xmax>
			<ymax>908</ymax>
		</bndbox>
	</object>
	<object>
		<name>blueberry</name>
		<pose>Unspecified</pose>
		<truncated>0</truncated>
		<difficult>0</difficult>
		<bndbox>
			<xmin>3091</xmin>
			<ymin>2036</ymin>
			<xmax>3282</xmax>
			<ymax>2241</ymax>
		</bndbox>
	</object>
	<object>
		<name>blueberry</name>
		<pose>Unspecified</pose>
		<truncated>0</truncated>
		<difficult>0</difficult>
		<bndbox>
			<xmin>3189</xmin>
			<ymin>2191</ymin>
			<xmax>3432</xmax>
			<ymax>2439</ymax>
		</bndbox>
	</object>
	<object>
		<name>blueberry</name>
		<pose>Unspecified</pose>
		<truncated>0</truncated>
		<difficult>0</difficult>
		<bndbox>
			<xmin>3532</xmin>
			<ymin>2034</ymin>
			<xmax>3848</xmax>
			<ymax>2316</ymax>
		</bndbox>
	</object>
	<object>
		<name>blueberry</name>
		<pose>Unspecified</pose>
		<truncated>0</truncated>
		<difficult>0</difficult>
		<bndbox>
			<xmin>3348</xmin>
			<ymin>1780</ymin>
			<xmax>3589</xmax>
			<ymax>2027</ymax>
		</bndbox>
	</object>
	<object>
		<name>blueberry</name>
		<pose>Unspecified</pose>
		<truncated>0</truncated>
		<difficult>0</difficult>
		<bndbox>
			<xmin>3668</xmin>
			<ymin>2395</ymin>
			<xmax>3923</xmax>
			<ymax>2648</ymax>
		</bndbox>
	</object>
	<object>
		<name>blueberry</name>
		<pose>Unspecified</pose>
		<truncated>0</truncated>
		<difficult>0</difficult>
		<bndbox>
			<xmin>4368</xmin>
			<ymin>1952</ymin>
			<xmax>4695</xmax>
			<ymax>2241</ymax>
		</bndbox>
	</object>
	<object>
		<name>blueberry</name>
		<pose>Unspecified</pose>
		<truncated>0</truncated>
		<difficult>0</difficult>
		<bndbox>
			<xmin>4625</xmin>
			<ymin>1666</ymin>
			<xmax>4961</xmax>
			<ymax>1970</ymax>
		</bndbox>
	</object>
	<object>
		<name>blueberry</name>
		<pose>Unspecified</pose>
		<truncated>0</truncated>
		<difficult>0</difficult>
		<bndbox>
			<xmin>3902</xmin>
			<ymin>3032</ymin>
			<xmax>4111</xmax>
			<ymax>3241</ymax>
		</bndbox>
	</object>
	<object>
		<name>blueberry</name>
		<pose>Unspecified</pose>
		<truncated>0</truncated>
		<difficult>0</difficult>
		<bndbox>
			<xmin>4981</xmin>
			<ymin>56</ymin>
			<xmax>5303</xmax>
			<ymax>342</ymax>
		</bndbox>
	</object>
	<object>
		<name>blueberry-unripe</name>
		<pose>Unspecified</pose>
		<truncated>0</truncated>
		<difficult>0</difficult>
		<bndbox>
			<xmin>19</xmin>
			<ymin>2319</ymin>
			<xmax>239</xmax>
			<ymax>2541</ymax>
		</bndbox>
	</object>
	<object>
		<name>blueberry-unripe</name>
		<pose>Unspecified</pose>
		<truncated>0</truncated>
		<difficult>0</difficult>
		<bndbox>
			<xmin>300</xmin>
			<ymin>2059</ymin>
			<xmax>493</xmax>
			<ymax>2239</ymax>
		</bndbox>
	</object>
	<object>
		<name>blueberry-unripe</name>
		<pose>Unspecified</pose>
		<truncated>0</truncated>
		<difficult>0</difficult>
		<bndbox>
			<xmin>106</xmin>
			<ymin>2693</ymin>
			<xmax>294</xmax>
			<ymax>2880</ymax>
		</bndbox>
	</object>
	<object>
		<name>blueberry-unripe</name>
		<pose>Unspecified</pose>
		<truncated>0</truncated>
		<difficult>0</difficult>
		<bndbox>
			<xmin>69</xmin>
			<ymin>2844</ymin>
			<xmax>330</xmax>
			<ymax>3070</ymax>
		</bndbox>
	</object>
	<object>
		<name>blueberry-unripe</name>
		<pose>Unspecified</pose>
		<truncated>0</truncated>
		<difficult>0</difficult>
		<bndbox>
			<xmin>156</xmin>
			<ymin>3133</ymin>
			<xmax>400</xmax>
			<ymax>3300</ymax>
		</bndbox>
	</object>
	<object>
		<name>blueberry-unripe</name>
		<pose>Unspecified</pose>
		<truncated>0</truncated>
		<difficult>0</difficult>
		<bndbox>
			<xmin>348</xmin>
			<ymin>2978</ymin>
			<xmax>580</xmax>
			<ymax>3222</ymax>
		</bndbox>
	</object>
	<object>
		<name>blueberry-unripe</name>
		<pose>Unspecified</pose>
		<truncated>0</truncated>
		<difficult>0</difficult>
		<bndbox>
			<xmin>481</xmin>
			<ymin>2783</ymin>
			<xmax>743</xmax>
			<ymax>3054</ymax>
		</bndbox>
	</object>
	<object>
		<name>blueberry-unripe</name>
		<pose>Unspecified</pose>
		<truncated>0</truncated>
		<difficult>0</difficult>
		<bndbox>
			<xmin>415</xmin>
			<ymin>2600</ymin>
			<xmax>615</xmax>
			<ymax>2774</ymax>
		</bndbox>
	</object>
	<object>
		<name>blueberry-unripe</name>
		<pose>Unspecified</pose>
		<truncated>0</truncated>
		<difficult>0</difficult>
		<bndbox>
			<xmin>891</xmin>
			<ymin>2350</ymin>
			<xmax>1074</xmax>
			<ymax>2531</ymax>
		</bndbox>
	</object>
	<object>
		<name>blueberry-unripe</name>
		<pose>Unspecified</pose>
		<truncated>0</truncated>
		<difficult>0</difficult>
		<bndbox>
			<xmin>920</xmin>
			<ymin>2074</ymin>
			<xmax>1113</xmax>
			<ymax>2263</ymax>
		</bndbox>
	</object>
	<object>
		<name>blueberry-unripe</name>
		<pose>Unspecified</pose>
		<truncated>0</truncated>
		<difficult>0</difficult>
		<bndbox>
			<xmin>476</xmin>
			<ymin>1687</ymin>
			<xmax>661</xmax>
			<ymax>1889</ymax>
		</bndbox>
	</object>
	<object>
		<name>blueberry-unripe</name>
		<pose>Unspecified</pose>
		<truncated>0</truncated>
		<difficult>0</difficult>
		<bndbox>
			<xmin>1480</xmin>
			<ymin>1580</ymin>
			<xmax>1667</xmax>
			<ymax>1774</ymax>
		</bndbox>
	</object>
	<object>
		<name>blueberry-unripe</name>
		<pose>Unspecified</pose>
		<truncated>0</truncated>
		<difficult>0</difficult>
		<bndbox>
			<xmin>1091</xmin>
			<ymin>1172</ymin>
			<xmax>1306</xmax>
			<ymax>1389</ymax>
		</bndbox>
	</object>
	<object>
		<name>blueberry-unripe</name>
		<pose>Unspecified</pose>
		<truncated>0</truncated>
		<difficult>0</difficult>
		<bndbox>
			<xmin>1594</xmin>
			<ymin>1143</ymin>
			<xmax>1804</xmax>
			<ymax>1354</ymax>
		</bndbox>
	</object>
	<object>
		<name>blueberry-unripe</name>
		<pose>Unspecified</pose>
		<truncated>0</truncated>
		<difficult>0</difficult>
		<bndbox>
			<xmin>1967</xmin>
			<ymin>1346</ymin>
			<xmax>2111</xmax>
			<ymax>1517</ymax>
		</bndbox>
	</object>
	<object>
		<name>blueberry-unripe</name>
		<pose>Unspecified</pose>
		<truncated>0</truncated>
		<difficult>0</difficult>
		<bndbox>
			<xmin>380</xmin>
			<ymin>831</ymin>
			<xmax>533</xmax>
			<ymax>974</ymax>
		</bndbox>
	</object>
	<object>
		<name>blueberry-unripe</name>
		<pose>Unspecified</pose>
		<truncated>0</truncated>
		<difficult>0</difficult>
		<bndbox>
			<xmin>456</xmin>
			<ymin>59</ymin>
			<xmax>680</xmax>
			<ymax>309</ymax>
		</bndbox>
	</object>
	<object>
		<name>、</name>
		<pose>Unspecified</pose>
		<truncated>0</truncated>
		<difficult>0</difficult>
		<bndbox>
			<xmin>274</xmin>
			<ymin>811</ymin>
			<xmax>411</xmax>
			<ymax>991</ymax>
		</bndbox>
	</object>
	<object>
		<name>blueberry-unripe</name>
		<pose>Unspecified</pose>
		<truncated>0</truncated>
		<difficult>0</difficult>
		<bndbox>
			<xmin>2546</xmin>
			<ymin>335</ymin>
			<xmax>2741</xmax>
			<ymax>517</ymax>
		</bndbox>
	</object>
	<object>
		<name>blueberry-unripe</name>
		<pose>Unspecified</pose>
		<truncated>0</truncated>
		<difficult>0</difficult>
		<bndbox>
			<xmin>2817</xmin>
			<ymin>254</ymin>
			<xmax>3020</xmax>
			<ymax>452</ymax>
		</bndbox>
	</object>
	<object>
		<name>blueberry-unripe</name>
		<pose>Unspecified</pose>
		<truncated>0</truncated>
		<difficult>0</difficult>
		<bndbox>
			<xmin>3641</xmin>
			<ymin>256</ymin>
			<xmax>3841</xmax>
			<ymax>433</ymax>
		</bndbox>
	</object>
	<object>
		<name>blueberry-unripe</name>
		<pose>Unspecified</pose>
		<truncated>0</truncated>
		<difficult>0</difficult>
		<bndbox>
			<xmin>3972</xmin>
			<ymin>524</ymin>
			<xmax>4109</xmax>
			<ymax>670</ymax>
		</bndbox>
	</object>
	<object>
		<name>blueberry-unripe</name>
		<pose>Unspecified</pose>
		<truncated>0</truncated>
		<difficult>0</difficult>
		<bndbox>
			<xmin>4113</xmin>
			<ymin>344</ymin>
			<xmax>4328</xmax>
			<ymax>556</ymax>
		</bndbox>
	</object>
	<object>
		<name>blueberry-unripe</name>
		<pose>Unspecified</pose>
		<truncated>0</truncated>
		<difficult>0</difficult>
		<bndbox>
			<xmin>4022</xmin>
			<ymin>324</ymin>
			<xmax>4167</xmax>
			<ymax>474</ymax>
		</bndbox>
	</object>
	<object>
		<name>blueberry-halfripe</name>
		<pose>Unspecified</pose>
		<truncated>0</truncated>
		<difficult>0</difficult>
		<bndbox>
			<xmin>4302</xmin>
			<ymin>441</ymin>
			<xmax>4570</xmax>
			<ymax>698</ymax>
		</bndbox>
	</object>
	<object>
		<name>blueberry-unripe</name>
		<pose>Unspecified</pose>
		<truncated>0</truncated>
		<difficult>0</difficult>
		<bndbox>
			<xmin>3852</xmin>
			<ymin>776</ymin>
			<xmax>4072</xmax>
			<ymax>1000</ymax>
		</bndbox>
	</object>
	<object>
		<name>blueberry-unripe</name>
		<pose>Unspecified</pose>
		<truncated>0</truncated>
		<difficult>0</difficult>
		<bndbox>
			<xmin>4189</xmin>
			<ymin>843</ymin>
			<xmax>4411</xmax>
			<ymax>1072</ymax>
		</bndbox>
	</object>
	<object>
		<name>blueberry-unripe</name>
		<pose>Unspecified</pose>
		<truncated>0</truncated>
		<difficult>0</difficult>
		<bndbox>
			<xmin>4463</xmin>
			<ymin>628</ymin>
			<xmax>4696</xmax>
			<ymax>828</ymax>
		</bndbox>
	</object>
	<object>
		<name>blueberry-unripe</name>
		<pose>Unspecified</pose>
		<truncated>0</truncated>
		<difficult>0</difficult>
		<bndbox>
			<xmin>3537</xmin>
			<ymin>1246</ymin>
			<xmax>3720</xmax>
			<ymax>1435</ymax>
		</bndbox>
	</object>
	<object>
		<name>blueberry-unripe</name>
		<pose>Unspecified</pose>
		<truncated>0</truncated>
		<difficult>0</difficult>
		<bndbox>
			<xmin>3481</xmin>
			<ymin>1702</ymin>
			<xmax>3659</xmax>
			<ymax>1872</ymax>
		</bndbox>
	</object>
	<object>
		<name>blueberry-unripe</name>
		<pose>Unspecified</pose>
		<truncated>0</truncated>
		<difficult>0</difficult>
		<bndbox>
			<xmin>3669</xmin>
			<ymin>1828</ymin>
			<xmax>3865</xmax>
			<ymax>2017</ymax>
		</bndbox>
	</object>
	<object>
		<name>blueberry-unripe</name>
		<pose>Unspecified</pose>
		<truncated>0</truncated>
		<difficult>0</difficult>
		<bndbox>
			<xmin>4230</xmin>
			<ymin>2000</ymin>
			<xmax>4393</xmax>
			<ymax>2235</ymax>
		</bndbox>
	</object>
	<object>
		<name>blueberry-unripe</name>
		<pose>Unspecified</pose>
		<truncated>0</truncated>
		<difficult>0</difficult>
		<bndbox>
			<xmin>3848</xmin>
			<ymin>2276</ymin>
			<xmax>4065</xmax>
			<ymax>2476</ymax>
		</bndbox>
	</object>
	<object>
		<name>blueberry-unripe</name>
		<pose>Unspecified</pose>
		<truncated>0</truncated>
		<difficult>0</difficult>
		<bndbox>
			<xmin>3796</xmin>
			<ymin>2572</ymin>
			<xmax>4011</xmax>
			<ymax>2767</ymax>
		</bndbox>
	</object>
	<object>
		<name>blueberry-unripe</name>
		<pose>Unspecified</pose>
		<truncated>0</truncated>
		<difficult>0</difficult>
		<bndbox>
			<xmin>3613</xmin>
			<ymin>2669</ymin>
			<xmax>3817</xmax>
			<ymax>2867</ymax>
		</bndbox>
	</object>
	<object>
		<name>blueberry-unripe</name>
		<pose>Unspecified</pose>
		<truncated>0</truncated>
		<difficult>0</difficult>
		<bndbox>
			<xmin>3796</xmin>
			<ymin>2752</ymin>
			<xmax>3981</xmax>
			<ymax>2919</ymax>
		</bndbox>
	</object>
	<object>
		<name>blueberry-unripe</name>
		<pose>Unspecified</pose>
		<truncated>0</truncated>
		<difficult>0</difficult>
		<bndbox>
			<xmin>3673</xmin>
			<ymin>3179</ymin>
			<xmax>3890</xmax>
			<ymax>3429</ymax>
		</bndbox>
	</object>
</annotation>
